nombre,comuna,franja_distancia_comisaria,superficie_interseccion_km2,factor_area_barrio,POBLACION,poblacion_estimada
Agronomia,15,ENTORNO INMEDIATO (0-500 m),0.2424292044025371,0.11428279299206558,13912,1589.9022161056164
Agronomia,15,CERCANA (501-900 m),0.6156372799106057,0.29021564456978344,13912,4037.4800472548272
Agronomia,15,INTERMEDIA (901-1350 m),0.5550741851073497,0.26166578547414837,13912,3640.2944075163523
Agronomia,15,ALEJADA (MAS DE 1350 m),0.7081690925781168,0.33383577696399386,13912,4644.323329123083
Almagro,5,ENTORNO INMEDIATO (0-500 m),0.6966395128054035,0.17205452001320692,131699,22659.40823121934
Almagro,5,CERCANA (501-900 m),1.6348760436619538,0.4037781489605543,131699,53177.17843995604
Almagro,5,INTERMEDIA (901-1350 m),1.6341195237270734,0.4035913053034208,131699,53152.57131715521
Almagro,5,ALEJADA (MAS DE 1350 m),0.08331122329079141,0.020576025722810594,131699,2709.8420116684324
Balvanera,3,ENTORNO INMEDIATO (0-500 m),2.6046577832798223,0.60011074862997,138926,83370.98586416722
Balvanera,3,CERCANA (501-900 m),1.735637385947112,0.39988925137002834,138926,55555.014135832556
Barracas,4,ENTORNO INMEDIATO (0-500 m),1.5651104772562505,0.19683424433695218,89452,17607.216824429048
Barracas,4,CERCANA (501-900 m),2.3748301599083463,0.29866767026800045,89452,26716.420440813177
Barracas,4,INTERMEDIA (901-1350 m),2.4905782005216026,0.3132245839419372,89452,28018.565482774167
Barracas,4,ALEJADA (MAS DE 1350 m),1.5208947109491187,0.19127350145310104,89452,17109.797251982793
Belgrano,13,ENTORNO INMEDIATO (0-500 m),1.5712809981828766,0.19503128852420643,126267,24626.01570808597
Belgrano,13,CERCANA (501-900 m),2.860632979911768,0.35506884937336886,126267,44833.47840382717
Belgrano,13,INTERMEDIA (901-1350 m),2.123214690642601,0.2635386652091084,126267,33276.23663995849
Belgrano,13,ALEJADA (MAS DE 1350 m),1.501429897187083,0.18636119689336592,126267,23531.269248134635
La Boca,4,ENTORNO INMEDIATO (0-500 m),1.017454205521794,0.20207485143430615,45113,9116.202772755852
La Boca,4,CERCANA (501-900 m),1.7914968305803296,0.3558061423500558,45113,16051.482499838068
La Boca,4,INTERMEDIA (901-1350 m),1.0874910565390832,0.2159847514449776,45113,9743.720091937275
La Boca,4,ALEJADA (MAS DE 1350 m),1.1385941738709524,0.2261342547706545,45113,10201.594635468537
Boedo,5,ENTORNO INMEDIATO (0-500 m),0.5219139488951259,0.200068050111482,47306,9464.419178573768
Boedo,5,CERCANA (501-900 m),1.3317134953335015,0.5104928176044157,47306,24149.373229594486
Boedo,5,INTERMEDIA (901-1350 m),0.7550546946951467,0.2894391322841096,47306,13692.20759183209
Caballito,6,ENTORNO INMEDIATO (0-500 m),2.0813237256907953,0.30392874520786334,176076,53514.557741219745
Caballito,6,CERCANA (501-900 m),2.7864596631159673,0.40689738868088804,176076,71644.86460937605
Caballito,6,INTERMEDIA (901-1350 m),1.9203387785724055,0.28042065159844315,176076,49375.346650847474
Caballito,6,ALEJADA (MAS DE 1350 m),0.05994257972904884,0.008753214512809842,176076,1541.2309985575057
Chacarita,15,ENTORNO INMEDIATO (0-500 m),0.7650362627917537,0.2456463817326205,27761,6819.389203279277
Chacarita,15,CERCANA (501-900 m),1.2653446316385355,0.4062909766819907,27761,11279.043803668745
Chacarita,15,INTERMEDIA (901-1350 m),1.0048824608074751,0.3226588758853652,27761,8957.333053453624
Chacarita,15,ALEJADA (MAS DE 1350 m),0.07911698855448274,0.025403765700032013,27761,705.2339395985887
Coghlan,12,ENTORNO INMEDIATO (0-500 m),0.10833282100858108,0.08467320257336143,18604,1575.260260674816
Coghlan,12,CERCANA (501-900 m),0.49691699964509456,0.38839156389884133,18604,7225.6366547740445
Coghlan,12,INTERMEDIA (901-1350 m),0.674172921325632,0.5269352335277822,18604,9803.10308455086
Colegiales,13,ENTORNO INMEDIATO (0-500 m),0.1006864604445598,0.04399103971399628,52551,2311.7731280102184
Colegiales,13,CERCANA (501-900 m),0.5748514155484747,0.2511590072725244,52551,13198.656991178428
Colegiales,13,INTERMEDIA (901-1350 m),1.1121681211295986,0.4859186803194083,52551,25535.512569465227
Colegiales,13,ALEJADA (MAS DE 1350 m),0.5010887460606082,0.21893127269407198,52551,11505.057311346176
Constitucion,1,ENTORNO INMEDIATO (0-500 m),1.1351268456880867,0.5402767700104902,44107,23829.987494852692
Constitucion,1,CERCANA (501-900 m),0.7113885457022568,0.3385936181092551,44107,14934.348713944913
Constitucion,1,INTERMEDIA (901-1350 m),0.2544945144511567,0.12112961188025756,44107,5342.66379120252
Flores,7,ENTORNO INMEDIATO (0-500 m),1.3128828299512245,0.15288938807049984,164310,25121.255353863828
Flores,7,CERCANA (501-900 m),2.2683578382926033,0.26415749670087646,164310,43403.718282921014
Flores,7,INTERMEDIA (901-1350 m),2.343889524883307,0.2729534022297914,164310,44848.973520377025
Flores,7,ALEJADA (MAS DE 1350 m),2.662011442535888,0.309999712998837,164310,50936.05284283891
Floresta,10,ENTORNO INMEDIATO (0-500 m),0.7371282254132775,0.3177697817234846,37575,11940.199548259932
Floresta,10,CERCANA (501-900 m),1.0696994590874334,0.46113844498813633,37575,17327.277070429223
Floresta,10,INTERMEDIA (901-1350 m),0.3783471917249743,0.16310229399061735,37575,6128.568696697447
Floresta,10,ALEJADA (MAS DE 1350 m),0.13451776860455408,0.05798947929776208,37575,2178.9546846134103
Liniers,9,ENTORNO INMEDIATO (0-500 m),0.4817173501764209,0.11016412300156742,44132,4861.763076305173
Liniers,9,CERCANA (501-900 m),1.3645400463298554,0.3120571792761736,44132,13771.707435816093
Liniers,9,INTERMEDIA (901-1350 m),1.3164761325566539,0.30106542465718694,44132,13286.619320970975
Liniers,9,ALEJADA (MAS DE 1350 m),1.209990884760677,0.27671327306507143,44132,12211.910166907732
Mataderos,9,ENTORNO INMEDIATO (0-500 m),0.7841371226362897,0.10603275522764871,64436,6832.326615848772
Mataderos,9,CERCANA (501-900 m),2.020864152466549,0.2732657182539806,64436,17608.149821413495
Mataderos,9,INTERMEDIA (901-1350 m),3.046004060441838,0.4118874029039704,64436,26540.376693520237
Mataderos,9,ALEJADA (MAS DE 1350 m),1.5442294761205777,0.2088141236143991,64436,13455.14686921742
Monserrat,1,ENTORNO INMEDIATO (0-500 m),0.5955475809269039,0.27100086380667593,39914,10816.728477979663
Monserrat,1,CERCANA (501-900 m),1.4319098382574995,0.6515832076038409,39914,26007.292148299708
Monserrat,1,INTERMEDIA (901-1350 m),0.17012812560467866,0.07741592858948643,39914,3089.979373720761
Monte Castro,10,CERCANA (501-900 m),0.20686058902414045,0.07876068511406303,33623,2648.1705155901413
Monte Castro,10,INTERMEDIA (901-1350 m),0.313050485455321,0.11919172630255716,33623,4007.5834134708793
Monte Castro,10,ALEJADA (MAS DE 1350 m),2.1065336894856888,0.8020475885833719,33623,26967.246070938712
Nueva Pompeya,4,ENTORNO INMEDIATO (0-500 m),0.7489530939478916,0.15127137156130482,42695,6458.531208809909
Nueva Pompeya,4,CERCANA (501-900 m),1.6947296658808488,0.34229657778977596,42695,14614.352388734484
Nueva Pompeya,4,INTERMEDIA (901-1350 m),1.8268388917709946,0.3689796156966799,42695,15753.584692169748
Nueva Pompeya,4,ALEJADA (MAS DE 1350 m),0.6805347592583514,0.13745243495224232,42695,5868.531710285986
Nuñez,13,ENTORNO INMEDIATO (0-500 m),0.7662173392177843,0.17046879048512623,51949,8855.683196911823
Nuñez,13,CERCANA (501-900 m),1.1092200314989917,0.24678036827585006,51949,12819.993351562134
Nuñez,13,INTERMEDIA (901-1350 m),1.0006275487992713,0.22262060545907997,51949,11564.917832993746
Nuñez,13,ALEJADA (MAS DE 1350 m),1.6187011724897082,0.3601302357799365,51949,18708.405618531924
Palermo,14,ENTORNO INMEDIATO (0-500 m),3.2819074358091886,0.20620828441814665,226534,46713.18750238043
Palermo,14,CERCANA (501-900 m),4.1195716513717295,0.2588402687711834,226534,58636.12144581126
Palermo,14,INTERMEDIA (901-1350 m),4.024821986831277,0.25288697296494006,226534,57287.49753363973
Palermo,14,ALEJADA (MAS DE 1350 m),4.489196429234991,0.28206447384472744,226534,63897.19351794149
Parque Avellaneda,9,ENTORNO INMEDIATO (0-500 m),0.7368858192740779,0.15576501537705495,53229,8291.216003505258
Parque Avellaneda,9,CERCANA (501-900 m),1.3545681066440138,0.2863324499425543,53229,15241.189977992222
Parque Avellaneda,9,INTERMEDIA (901-1350 m),1.2916837564642958,0.27303977756846876,53229,14533.634320192023
Parque Avellaneda,9,ALEJADA (MAS DE 1350 m),1.347615352824683,0.28486275711192305,53229,15162.959698310551
Parque Chacabuco,7,ENTORNO INMEDIATO (0-500 m),0.2865859659260281,0.07481794678457332,56281,4210.828862982571
Parque Chacabuco,7,CERCANA (501-900 m),1.0631201871601288,0.277544887208757,56281,15620.50379699605
Parque Chacabuco,7,INTERMEDIA (901-1350 m),1.4067994179594074,0.3672679632073232,56281,20670.208237271356
Parque Chacabuco,7,ALEJADA (MAS DE 1350 m),1.0739385702672977,0.2803692027993404,56281,15779.459102749677
Parque Chas,15,CERCANA (501-900 m),0.2840308577731016,0.20509976221757012,17489,3586.9897414230836
Parque Chas,15,INTERMEDIA (901-1350 m),0.6304699412254062,0.4552647414597292,17489,7962.125063389204
Parque Chas,15,ALEJADA (MAS DE 1350 m),0.47034165377724463,0.339635496322707,17489,5939.885195187823
Parque Patricios,4,ENTORNO INMEDIATO (0-500 m),1.5245144484416935,0.4074363296829075,40985,16698.777972053962
Parque Patricios,4,CERCANA (501-900 m),1.9749421773450122,0.5278160485103442,40985,21632.540748196458
Parque Patricios,4,INTERMEDIA (901-1350 m),0.24226775512013626,0.06474762180677421,40985,2653.681279750641
Paternal,15,CERCANA (501-900 m),0.06441244722376313,0.028898777844855405,19717,569.797202767014
Paternal,15,INTERMEDIA (901-1350 m),0.713838869293829,0.32026528706604757,19717,6314.67066508126
Paternal,15,ALEJADA (MAS DE 1350 m),1.450647343819004,0.6508359350890968,19717,12832.53213215172
Puerto Madero,1,ENTORNO INMEDIATO (0-500 m),0.20954040593538947,0.04156896244936015,6726,279.59284143439635
Puerto Madero,1,CERCANA (501-900 m),0.5984561180493787,0.11872268638467372,6726,798.5287886233154
Puerto Madero,1,INTERMEDIA (901-1350 m),1.2984291548152431,0.25758446223642395,6726,1732.5130930021876
Puerto Madero,1,ALEJADA (MAS DE 1350 m),2.9343642180046983,0.5821238889295398,6726,3915.3652769400846
Recoleta,2,ENTORNO INMEDIATO (0-500 m),1.6776963302555494,0.2608994113361979,157932,41204.3658311484
Recoleta,2,CERCANA (501-900 m),2.167193990677046,0.337021441975057,157932,53226.470374004704
Recoleta,2,INTERMEDIA (901-1350 m),0.9508122459995663,0.14786129694564518,157932,23352.030349219633
Recoleta,2,ALEJADA (MAS DE 1350 m),1.634730992351331,0.2542178497419349,157932,40149.133445443265
Retiro,1,ENTORNO INMEDIATO (0-500 m),1.5913790977367241,0.35268047959731963,65413,23069.88821189947
Retiro,1,CERCANA (501-900 m),2.0293382605216275,0.44974072614366073,65413,29418.89011923528
Retiro,1,INTERMEDIA (901-1350 m),0.7454489766164702,0.16520595435891705,65413,10806.61709247984
Retiro,1,ALEJADA (MAS DE 1350 m),0.14607403508763564,0.032372839900116634,65413,2117.6045763863294
Saavedra,12,ENTORNO INMEDIATO (0-500 m),0.7841371226362897,0.14163210736107668,50295,7123.386839725352
Saavedra,12,CERCANA (501-900 m),1.7963571178337057,0.3244609097404861,50295,16318.761455397747
Saavedra,12,INTERMEDIA (901-1350 m),1.9102969307141338,0.34504090186779024,50295,17353.83215944051
Saavedra,12,ALEJADA (MAS DE 1350 m),1.0456450031164581,0.1888660810306466,50295,9499.01954543637
San Cristobal,3,ENTORNO INMEDIATO (0-500 m),1.1317693633459718,0.5540352414820403,48611,26932.20712368346
San Cristobal,3,CERCANA (501-900 m),0.9101544605361219,0.4455480618756945,48611,21658.536835839386
San Cristobal,3,INTERMEDIA (901-1350 m),0.0008512175006115759,0.00041669664224769083,48611,20.2560404763025
San Nicolas,1,ENTORNO INMEDIATO (0-500 m),1.4425311303545552,0.6304961860512849,29273,18456.514854279263
San Nicolas,1,CERCANA (501-900 m),0.828763687443237,0.3622329758265449,29273,10603.645901370448
San Nicolas,1,INTERMEDIA (901-1350 m),0.016635168565726558,0.007270838122178274,29273,212.83924435052464
San Telmo,1,ENTORNO INMEDIATO (0-500 m),0.9201540007026204,0.7470704046491937,20453,15279.830986289959
San Telmo,1,CERCANA (501-900 m),0.3115291110580933,0.2529295953508433,20453,5173.169013710798
Velez Sarsfield,10,ENTORNO INMEDIATO (0-500 m),0.2663417375363954,0.11099646243094574,35081,3893.8668985400077
Velez Sarsfield,10,CERCANA (501-900 m),1.1342595438214382,0.47269646134794757,35081,16582.66456054735
Velez Sarsfield,10,INTERMEDIA (901-1350 m),0.6019370218455273,0.25085396171504104,35081,8800.207830925354
Velez Sarsfield,10,ALEJADA (MAS DE 1350 m),0.39701328342577336,0.1654531145060715,35081,5804.260709987494
Versalles,10,ENTORNO INMEDIATO (0-500 m),0.9191183982671599,0.6535758600391878,13822,9033.725537461652
Versalles,10,CERCANA (501-900 m),0.3952554496884183,0.2810621797499862,13822,3884.8414485043095
Versalles,10,INTERMEDIA (901-1350 m),0.09191799123824024,0.0653619602108599,13822,903.4330140345055
Villa Crespo,15,ENTORNO INMEDIATO (0-500 m),1.0156545976128568,0.2810013665240801,81959,23030.59099894708
Villa Crespo,15,CERCANA (501-900 m),1.9210697464831732,0.5315027620793653,81959,43561.4348772627
Villa Crespo,15,INTERMEDIA (901-1350 m),0.5700228684414341,0.15770834431163047,81959,12925.618191436923
Villa Crespo,15,ALEJADA (MAS DE 1350 m),0.10766438330730778,0.029787527084929204,81959,2441.3559323537124
Villa Del Parque,11,CERCANA (501-900 m),0.22309712168375037,0.06565112623776527,55273,3628.7347005399997
Villa Del Parque,11,INTERMEDIA (901-1350 m),1.1122374489928826,0.327299790419126,55273,18090.84131583635
Villa Del Parque,11,ALEJADA (MAS DE 1350 m),2.0628877366722826,0.6070490833431234,55273,33553.42398362446
Villa Devoto,11,ENTORNO INMEDIATO (0-500 m),0.7841371226362897,0.12248411009051138,66521,8147.7654873309075
Villa Devoto,11,CERCANA (501-900 m),1.9348544595686927,0.3022289339371737,66521,20104.57091443473
Villa Devoto,11,INTERMEDIA (901-1350 m),1.7578375989408301,0.2745784732981911,66521,18265.234622268967
Villa Devoto,11,ALEJADA (MAS DE 1350 m),1.9251206069274291,0.3007084826741229,66521,20003.42897596533
Villa Gral. Mitre,11,ENTORNO INMEDIATO (0-500 m),1.104838333438645,0.5111743075720555,34713,17744.393738748764
Villa Gral. Mitre,11,CERCANA (501-900 m),0.7562354857292782,0.34988662058452025,34713,12145.614260350452
Villa Gral. Mitre,11,INTERMEDIA (901-1350 m),0.2892825649749409,0.13384203857545232,34713,4646.058685069676
Villa Gral. Mitre,11,ALEJADA (MAS DE 1350 m),0.011016589953439153,0.00509703326796024,34713,176.9333158307038
Villa Lugano,8,ENTORNO INMEDIATO (0-500 m),1.7850154525091542,0.1920962471152095,126374,24275.971132937488
Villa Lugano,8,CERCANA (501-900 m),2.3729163590015716,0.25536379903139883,126374,32271.344738793996
Villa Lugano,8,INTERMEDIA (901-1350 m),2.487579533010284,0.2677033927186299,126374,33830.748551424134
Villa Lugano,8,ALEJADA (MAS DE 1350 m),2.6467860288815657,0.2848365611347613,126374,35995.93557684433
Villa Luro,10,ENTORNO INMEDIATO (0-500 m),1.254638274042217,0.4889627965364357,32502,15892.268813027233
Villa Luro,10,CERCANA (501-900 m),0.7224319708730532,0.2815491636863063,32502,9150.910918132327
Villa Luro,10,INTERMEDIA (901-1350 m),0.5568178086054847,0.21700533013379622,32502,7053.107240008645
Villa Luro,10,ALEJADA (MAS DE 1350 m),0.0320296051015724,0.012482709643445443,32502,405.7130288312638
Villa Ortuzar,15,ENTORNO INMEDIATO (0-500 m),0.056010963048453065,0.03022672578504312,21736,657.0081116636973
Villa Ortuzar,15,CERCANA (501-900 m),0.4656768265060419,0.2513059046506786,21736,5462.385143487149
Villa Ortuzar,15,INTERMEDIA (901-1350 m),0.794509177537958,0.42876268744683305,21736,9319.585774344363
Villa Ortuzar,15,ALEJADA (MAS DE 1350 m),0.5368308284674722,0.2897046821174405,21736,6297.020970504686
Villa Pueyrredon,12,ENTORNO INMEDIATO (0-500 m),0.5912714773296815,0.17906835775625354,39654,7100.776658466478
Villa Pueyrredon,12,CERCANA (501-900 m),1.0770112731044705,0.32617612611855307,39654,12934.188105105104
Villa Pueyrredon,12,INTERMEDIA (901-1350 m),0.7443185728052343,0.22541913417107926,39654,8938.770346419977
Villa Pueyrredon,12,ALEJADA (MAS DE 1350 m),0.8893303230792486,0.2693363819541124,39654,10680.264890008373
Villa Real,10,CERCANA (501-900 m),0.3432277579315189,0.2573626266618041,13419,3453.5490871747493
Villa Real,10,INTERMEDIA (901-1350 m),0.5610579617138415,0.42069834796112865,13419,5645.351131290386
Villa Real,10,ALEJADA (MAS DE 1350 m),0.4293490912184311,0.32193902537708124,13419,4320.099781535053
Villa Riachuelo,8,ENTORNO INMEDIATO (0-500 m),0.09695209141586762,0.022876513408768263,14084,322.1928148490922
Villa Riachuelo,8,CERCANA (501-900 m),0.7569668031974448,0.17861152833784721,14084,2515.5647651102404
Villa Riachuelo,8,INTERMEDIA (901-1350 m),1.602693861639276,0.37816664994542737,14084,5326.099097831399
Villa Riachuelo,8,ALEJADA (MAS DE 1350 m),1.7814496479032562,0.4203453083079594,14084,5920.1433222093
Villa Santa Rita,11,ENTORNO INMEDIATO (0-500 m),0.044467021079653175,0.020655335517859905,33325,688.3390561326813
Villa Santa Rita,11,CERCANA (501-900 m),0.7386908920510346,0.3431286344090841,33325,11434.761741682727
Villa Santa Rita,11,INTERMEDIA (901-1350 m),0.9805013010555371,0.45545176756324884,33325,15177.930154045267
Villa Santa Rita,11,ALEJADA (MAS DE 1350 m),0.38915118394086756,0.18076426250979546,33325,6023.969048138933
Villa Soldati,8,ENTORNO INMEDIATO (0-500 m),1.5668610058626784,0.18036897981106165,46779,8437.480506581653
Villa Soldati,8,CERCANA (501-900 m),2.1624098804137435,0.24892550303071972,46779,11644.486106274038
Villa Soldati,8,INTERMEDIA (901-1350 m),2.940217577279595,0.33846272442301756,46779,15832.947785784338
Villa Soldati,8,ALEJADA (MAS DE 1350 m),2.0174875758048567,0.2322427927351878,46779,10864.085601359351
Villa Urquiza,12,ENTORNO INMEDIATO (0-500 m),2.138504024755898,0.39261294570031885,91563,35948.8191471583
Villa Urquiza,12,CERCANA (501-900 m),2.0121323698799323,0.36941207859905617,91563,33824.47815276538
Villa Urquiza,12,INTERMEDIA (901-1350 m),0.7839618040680002,0.1439293775688859,91563,13178.6055983399
Villa Urquiza,12,ALEJADA (MAS DE 1350 m),0.5122523144430996,0.09404559813174448,91563,8611.097101736921
