fecha,cantidad,promedio_movil_7_dias
2023-01-01,258,258.0
2023-01-02,273,265.5
2023-01-03,308,279.6666666666667
2023-01-04,348,296.75
2023-01-05,318,301.0
2023-01-06,314,303.1666666666667
2023-01-07,264,297.57142857142856
2023-01-08,286,301.57142857142856
2023-01-09,325,309.0
2023-01-10,312,309.57142857142856
2023-01-11,319,305.42857142857144
2023-01-12,327,306.7142857142857
2023-01-13,367,314.2857142857143
2023-01-14,295,318.7142857142857
2023-01-15,262,315.2857142857143
2023-01-16,355,319.57142857142856
2023-01-17,314,319.85714285714283
2023-01-18,343,323.2857142857143
2023-01-19,300,319.42857142857144
2023-01-20,318,312.42857142857144
2023-01-21,292,312.0
2023-01-22,305,318.14285714285717
2023-01-23,312,312.0
2023-01-24,316,312.2857142857143
2023-01-25,319,308.85714285714283
2023-01-26,339,314.42857142857144
2023-01-27,300,311.85714285714283
2023-01-28,297,312.57142857142856
2023-01-29,287,310.0
2023-01-30,336,313.42857142857144
2023-01-31,364,320.2857142857143
2023-02-01,340,323.2857142857143
2023-02-02,313,319.57142857142856
2023-02-03,340,325.2857142857143
2023-02-04,321,328.7142857142857
2023-02-05,282,328.0
2023-02-06,336,328.0
2023-02-07,310,320.2857142857143
2023-02-08,365,323.85714285714283
2023-02-09,318,324.57142857142856
2023-02-10,307,319.85714285714283
2023-02-11,304,317.42857142857144
2023-02-12,299,319.85714285714283
2023-02-13,347,321.42857142857144
2023-02-14,367,329.57142857142856
2023-02-15,353,327.85714285714283
2023-02-16,336,330.42857142857144
2023-02-17,301,329.57142857142856
2023-02-18,278,325.85714285714283
2023-02-19,260,320.2857142857143
2023-02-20,262,308.14285714285717
2023-02-21,345,305.0
2023-02-22,403,312.14285714285717
2023-02-23,356,315.0
2023-02-24,344,321.14285714285717
2023-02-25,350,331.42857142857144
2023-02-26,307,338.14285714285717
2023-02-27,381,355.14285714285717
2023-02-28,352,356.14285714285717
2023-03-01,352,348.85714285714283
2023-03-02,351,348.14285714285717
2023-03-03,397,355.7142857142857
2023-03-04,314,350.57142857142856
2023-03-05,292,348.42857142857144
2023-03-06,374,347.42857142857144
2023-03-07,352,347.42857142857144
2023-03-08,359,348.42857142857144
2023-03-09,389,353.85714285714283
2023-03-10,402,354.57142857142856
2023-03-11,351,359.85714285714283
2023-03-12,298,360.7142857142857
2023-03-13,369,360.0
2023-03-14,358,360.85714285714283
2023-03-15,388,365.0
2023-03-16,365,361.57142857142856
2023-03-17,360,355.57142857142856
2023-03-18,337,353.57142857142856
2023-03-19,295,353.14285714285717
2023-03-20,410,359.0
2023-03-21,389,363.42857142857144
2023-03-22,371,361.0
2023-03-23,386,364.0
2023-03-24,327,359.2857142857143
2023-03-25,330,358.2857142857143
2023-03-26,339,364.57142857142856
2023-03-27,431,367.57142857142856
2023-03-28,337,360.14285714285717
2023-03-29,387,362.42857142857144
2023-03-30,366,359.57142857142856
2023-03-31,395,369.2857142857143
2023-04-01,347,371.7142857142857
2023-04-02,295,365.42857142857144
2023-04-03,327,350.57142857142856
2023-04-04,352,352.7142857142857
2023-04-05,344,346.57142857142856
2023-04-06,313,339.0
2023-04-07,231,315.57142857142856
2023-04-08,297,308.42857142857144
2023-04-09,312,310.85714285714283
2023-04-10,351,314.2857142857143
2023-04-11,381,318.42857142857144
2023-04-12,380,323.57142857142856
2023-04-13,379,333.0
2023-04-14,378,354.0
2023-04-15,336,359.57142857142856
2023-04-16,323,361.14285714285717
2023-04-17,356,361.85714285714283
2023-04-18,352,357.7142857142857
2023-04-19,358,354.57142857142856
2023-04-20,385,355.42857142857144
2023-04-21,394,357.7142857142857
2023-04-22,320,355.42857142857144
2023-04-23,304,352.7142857142857
2023-04-24,333,349.42857142857144
2023-04-25,330,346.2857142857143
2023-04-26,335,343.0
2023-04-27,386,343.14285714285717
2023-04-28,430,348.2857142857143
2023-04-29,339,351.0
2023-04-30,293,349.42857142857144
2023-05-01,269,340.2857142857143
2023-05-02,376,346.85714285714283
2023-05-03,377,352.85714285714283
2023-05-04,369,350.42857142857144
2023-05-05,389,344.57142857142856
2023-05-06,351,346.2857142857143
2023-05-07,295,346.57142857142856
2023-05-08,398,365.0
2023-05-09,376,365.0
2023-05-10,341,359.85714285714283
2023-05-11,352,357.42857142857144
2023-05-12,380,356.14285714285717
2023-05-13,378,360.0
2023-05-14,345,367.14285714285717
2023-05-15,383,365.0
2023-05-16,360,362.7142857142857
2023-05-17,368,366.57142857142856
2023-05-18,333,363.85714285714283
2023-05-19,326,356.14285714285717
2023-05-20,362,353.85714285714283
2023-05-21,291,346.14285714285717
2023-05-22,348,341.14285714285717
2023-05-23,368,342.2857142857143
2023-05-24,361,341.2857142857143
2023-05-25,303,337.0
2023-05-26,326,337.0
2023-05-27,341,334.0
2023-05-28,305,336.0
2023-05-29,424,346.85714285714283
2023-05-30,366,346.57142857142856
2023-05-31,368,347.57142857142856
2023-06-01,403,361.85714285714283
2023-06-02,389,370.85714285714283
2023-06-03,378,376.14285714285717
2023-06-04,276,372.0
2023-06-05,320,357.14285714285717
2023-06-06,339,353.2857142857143
2023-06-07,316,345.85714285714283
2023-06-08,352,338.57142857142856
2023-06-09,392,339.0
2023-06-10,346,334.42857142857144
2023-06-11,256,331.57142857142856
2023-06-12,323,332.0
2023-06-13,330,330.7142857142857
2023-06-14,343,334.57142857142856
2023-06-15,361,335.85714285714283
2023-06-16,366,332.14285714285717
2023-06-17,311,327.14285714285717
2023-06-18,260,327.7142857142857
2023-06-19,259,318.57142857142856
2023-06-20,250,307.14285714285717
2023-06-21,363,310.0
2023-06-22,368,311.0
2023-06-23,380,313.0
2023-06-24,360,320.0
2023-06-25,335,330.7142857142857
2023-06-26,344,342.85714285714283
2023-06-27,354,357.7142857142857
2023-06-28,354,356.42857142857144
2023-06-29,339,352.2857142857143
2023-06-30,385,353.0
2023-07-01,349,351.42857142857144
2023-07-02,302,346.7142857142857
2023-07-03,368,350.14285714285717
2023-07-04,364,351.57142857142856
2023-07-05,328,347.85714285714283
2023-07-06,356,350.2857142857143
2023-07-07,320,341.0
2023-07-08,364,343.14285714285717
2023-07-09,324,346.2857142857143
2023-07-10,371,346.7142857142857
2023-07-11,322,340.7142857142857
2023-07-12,302,337.0
2023-07-13,385,341.14285714285717
2023-07-14,401,352.7142857142857
2023-07-15,370,353.57142857142856
2023-07-16,322,353.2857142857143
2023-07-17,355,351.0
2023-07-18,333,352.57142857142856
2023-07-19,349,359.2857142857143
2023-07-20,437,366.7142857142857
2023-07-21,364,361.42857142857144
2023-07-22,353,359.0
2023-07-23,322,359.0
2023-07-24,402,365.7142857142857
2023-07-25,333,365.7142857142857
2023-07-26,390,371.57142857142856
2023-07-27,424,369.7142857142857
2023-07-28,395,374.14285714285717
2023-07-29,376,377.42857142857144
2023-07-30,284,372.0
2023-07-31,371,367.57142857142856
2023-08-01,380,374.2857142857143
2023-08-02,382,373.14285714285717
2023-08-03,342,361.42857142857144
2023-08-04,371,358.0
2023-08-05,348,354.0
2023-08-06,313,358.14285714285717
2023-08-07,351,355.2857142857143
2023-08-08,377,354.85714285714283
2023-08-09,370,353.14285714285717
2023-08-10,362,356.0
2023-08-11,387,358.2857142857143
2023-08-12,330,355.7142857142857
2023-08-13,260,348.14285714285717
2023-08-14,332,345.42857142857144
2023-08-15,312,336.14285714285717
2023-08-16,364,335.2857142857143
2023-08-17,313,328.2857142857143
2023-08-18,386,328.14285714285717
2023-08-19,366,333.2857142857143
2023-08-20,311,340.57142857142856
2023-08-21,299,335.85714285714283
2023-08-22,358,342.42857142857144
2023-08-23,341,339.14285714285717
2023-08-24,367,346.85714285714283
2023-08-25,407,349.85714285714283
2023-08-26,365,349.7142857142857
2023-08-27,277,344.85714285714283
2023-08-28,359,353.42857142857144
2023-08-29,325,348.7142857142857
2023-08-30,365,352.14285714285717
2023-08-31,349,349.57142857142856
2023-09-01,430,352.85714285714283
2023-09-02,403,358.2857142857143
2023-09-03,278,358.42857142857144
2023-09-04,348,356.85714285714283
2023-09-05,318,355.85714285714283
2023-09-06,381,358.14285714285717
2023-09-07,320,354.0
2023-09-08,387,347.85714285714283
2023-09-09,412,349.14285714285717
2023-09-10,350,359.42857142857144
2023-09-11,354,360.2857142857143
2023-09-12,362,366.57142857142856
2023-09-13,338,360.42857142857144
2023-09-14,358,365.85714285714283
2023-09-15,438,373.14285714285717
2023-09-16,327,361.0
2023-09-17,315,356.0
2023-09-18,322,351.42857142857144
2023-09-19,400,356.85714285714283
2023-09-20,338,356.85714285714283
2023-09-21,357,356.7142857142857
2023-09-22,430,355.57142857142856
2023-09-23,373,362.14285714285717
2023-09-24,301,360.14285714285717
2023-09-25,361,365.7142857142857
2023-09-26,379,362.7142857142857
2023-09-27,360,365.85714285714283
2023-09-28,357,365.85714285714283
2023-09-29,325,350.85714285714283
2023-09-30,334,345.2857142857143
2023-10-01,330,349.42857142857144
2023-10-02,332,345.2857142857143
2023-10-03,329,338.14285714285717
2023-10-04,361,338.2857142857143
2023-10-05,295,329.42857142857144
2023-10-06,366,335.2857142857143
2023-10-07,282,327.85714285714283
2023-10-08,323,326.85714285714283
2023-10-09,342,328.2857142857143
2023-10-10,335,329.14285714285717
2023-10-11,355,328.2857142857143
2023-10-12,366,338.42857142857144
2023-10-13,293,328.0
2023-10-14,382,342.2857142857143
2023-10-15,257,332.85714285714283
2023-10-16,277,323.57142857142856
2023-10-17,372,328.85714285714283
2023-10-18,312,322.7142857142857
2023-10-19,381,324.85714285714283
2023-10-20,414,342.14285714285717
2023-10-21,346,337.0
2023-10-22,250,336.0
2023-10-23,327,343.14285714285717
2023-10-24,325,336.42857142857144
2023-10-25,394,348.14285714285717
2023-10-26,377,347.57142857142856
2023-10-27,378,342.42857142857144
2023-10-28,398,349.85714285714283
2023-10-29,354,364.7142857142857
2023-10-30,323,364.14285714285717
2023-10-31,340,366.2857142857143
2023-11-01,366,362.2857142857143
2023-11-02,332,355.85714285714283
2023-11-03,352,352.14285714285717
2023-11-04,633,385.7142857142857
2023-11-05,333,382.7142857142857
2023-11-06,353,387.0
2023-11-07,313,383.14285714285717
2023-11-08,357,381.85714285714283
2023-11-09,350,384.42857142857144
2023-11-10,358,385.2857142857143
2023-11-11,342,343.7142857142857
2023-11-12,343,345.14285714285717
2023-11-13,375,348.2857142857143
2023-11-14,372,356.7142857142857
2023-11-15,350,355.7142857142857
2023-11-16,394,362.0
2023-11-17,426,371.7142857142857
2023-11-18,392,378.85714285714283
2023-11-19,314,374.7142857142857
2023-11-20,310,365.42857142857144
2023-11-21,352,362.57142857142856
2023-11-22,349,362.42857142857144
2023-11-23,362,357.85714285714283
2023-11-24,420,357.0
2023-11-25,350,351.0
2023-11-26,341,354.85714285714283
2023-11-27,378,364.57142857142856
2023-11-28,337,362.42857142857144
2023-11-29,369,365.2857142857143
2023-11-30,421,373.7142857142857
2023-12-01,419,373.57142857142856
2023-12-02,443,386.85714285714283
2023-12-03,328,385.0
2023-12-04,394,387.2857142857143
2023-12-05,378,393.14285714285717
2023-12-06,372,393.57142857142856
2023-12-07,391,389.2857142857143
2023-12-08,364,381.42857142857144
2023-12-09,354,368.7142857142857
2023-12-10,361,373.42857142857144
2023-12-11,396,373.7142857142857
2023-12-12,392,375.7142857142857
2023-12-13,377,376.42857142857144
2023-12-14,434,382.57142857142856
2023-12-15,498,401.7142857142857
2023-12-16,372,404.2857142857143
2023-12-17,343,401.7142857142857
2023-12-18,396,401.7142857142857
2023-12-19,520,420.0
2023-12-20,447,430.0
2023-12-21,397,424.7142857142857
2023-12-22,432,415.2857142857143
2023-12-23,368,414.7142857142857
2023-12-24,263,403.2857142857143
2023-12-25,195,374.57142857142856
2023-12-26,352,350.57142857142856
2023-12-27,393,342.85714285714283
2023-12-28,406,344.14285714285717
2023-12-29,398,339.2857142857143
2023-12-30,308,330.7142857142857
2023-12-31,227,325.57142857142856
